"Name","Tier","Family","vCPUs","MemoryGB","MaxDataDisks","NvmeDiskCount","Restrictions"
"Standard_A1_v2","Standard","standardAv2Family","1","2","2",,"None"
"Standard_A2_v2","Standard","standardAv2Family","2","4","4",,"None"
"Standard_A2m_v2","Standard","standardAv2Family","2","16","4",,"None"
"Standard_A4_v2","Standard","standardAv2Family","4","8","8",,"None"
"Standard_A4m_v2","Standard","standardAv2Family","4","32","8",,"None"
"Standard_A8_v2","Standard","standardAv2Family","8","16","16",,"None"
"Standard_A8m_v2","Standard","standardAv2Family","8","64","16",,"None"
"Standard_B16als_v2","Standard","standardBasv2Family","16","32","32",,"None"
"Standard_B16as_v2","Standard","standardBasv2Family","16","64","32",,"None"
"Standard_B2als_v2","Standard","standardBasv2Family","2","4","4",,"None"
"Standard_B2as_v2","Standard","standardBasv2Family","2","8","4",,"None"
"Standard_B2ats_v2","Standard","standardBasv2Family","2","1","4",,"None"
"Standard_B32als_v2","Standard","standardBasv2Family","32","64","32",,"None"
"Standard_B32as_v2","Standard","standardBasv2Family","32","128","32",,"None"
"Standard_B4als_v2","Standard","standardBasv2Family","4","8","8",,"None"
"Standard_B4as_v2","Standard","standardBasv2Family","4","16","8",,"None"
"Standard_B8als_v2","Standard","standardBasv2Family","8","16","16",,"None"
"Standard_B8as_v2","Standard","standardBasv2Family","8","32","16",,"None"
"Standard_B12ms","Standard","standardBSFamily","12","48","16",,"None"
"Standard_B16ms","Standard","standardBSFamily","16","64","32",,"None"
"Standard_B1ls","Standard","standardBSFamily","1","0.5","2",,"None"
"Standard_B1ms","Standard","standardBSFamily","1","2","2",,"None"
"Standard_B1s","Standard","standardBSFamily","1","1","2",,"None"
"Standard_B20ms","Standard","standardBSFamily","20","80","32",,"None"
"Standard_B2ms","Standard","standardBSFamily","2","8","4",,"None"
"Standard_B2s","Standard","standardBSFamily","2","4","4",,"None"
"Standard_B4ms","Standard","standardBSFamily","4","16","8",,"None"
"Standard_B8ms","Standard","standardBSFamily","8","32","16",,"None"
"Standard_B16ls_v2","Standard","standardBsv2Family","16","32","32",,"None"
"Standard_B16s_v2","Standard","standardBsv2Family","16","64","32",,"None"
"Standard_B2ls_v2","Standard","standardBsv2Family","2","4","4",,"None"
"Standard_B2s_v2","Standard","standardBsv2Family","2","8","4",,"None"
"Standard_B2ts_v2","Standard","standardBsv2Family","2","1","4",,"None"
"Standard_B32ls_v2","Standard","standardBsv2Family","32","64","32",,"None"
"Standard_B32s_v2","Standard","standardBsv2Family","32","128","32",,"None"
"Standard_B4ls_v2","Standard","standardBsv2Family","4","8","8",,"None"
"Standard_B4s_v2","Standard","standardBsv2Family","4","16","8",,"None"
"Standard_B8ls_v2","Standard","standardBsv2Family","8","16","16",,"None"
"Standard_B8s_v2","Standard","standardBsv2Family","8","32","16",,"None"
"Standard_D16ads_v5","Standard","standardDADSv5Family","16","64","32",,"None"
"Standard_D2ads_v5","Standard","standardDADSv5Family","2","8","4",,"None"
"Standard_D32ads_v5","Standard","standardDADSv5Family","32","128","32",,"None"
"Standard_D48ads_v5","Standard","standardDADSv5Family","48","192","32",,"None"
"Standard_D4ads_v5","Standard","standardDADSv5Family","4","16","8",,"None"
"Standard_D64ads_v5","Standard","standardDADSv5Family","64","256","32",,"None"
"Standard_D8ads_v5","Standard","standardDADSv5Family","8","32","16",,"None"
"Standard_D96ads_v5","Standard","standardDADSv5Family","96","384","32",,"None"
"Standard_D16ads_v6","Standard","standardDadv6Family","16","64","32",,"None"
"Standard_D2ads_v6","Standard","standardDadv6Family","2","8","4",,"None"
"Standard_D32ads_v6","Standard","standardDadv6Family","32","128","32",,"None"
"Standard_D48ads_v6","Standard","standardDadv6Family","48","192","32",,"None"
"Standard_D4ads_v6","Standard","standardDadv6Family","4","16","8",,"None"
"Standard_D64ads_v6","Standard","standardDadv6Family","64","256","32",,"None"
"Standard_D8ads_v6","Standard","standardDadv6Family","8","32","16",,"None"
"Standard_D96ads_v6","Standard","standardDadv6Family","96","384","32",,"None"
"Standard_D16alds_v6","Standard","standardDaldv6Family","16","32","32",,"None"
"Standard_D2alds_v6","Standard","standardDaldv6Family","2","4","4",,"None"
"Standard_D32alds_v6","Standard","standardDaldv6Family","32","64","32",,"None"
"Standard_D48alds_v6","Standard","standardDaldv6Family","48","96","32",,"None"
"Standard_D4alds_v6","Standard","standardDaldv6Family","4","8","8",,"None"
"Standard_D64alds_v6","Standard","standardDaldv6Family","64","128","32",,"None"
"Standard_D8alds_v6","Standard","standardDaldv6Family","8","16","16",,"None"
"Standard_D96alds_v6","Standard","standardDaldv6Family","96","192","32",,"None"
"Standard_D16als_v6","Standard","standardDalv6Family","16","32","32",,"None"
"Standard_D2als_v6","Standard","standardDalv6Family","2","4","4",,"None"
"Standard_D32als_v6","Standard","standardDalv6Family","32","64","32",,"None"
"Standard_D48als_v6","Standard","standardDalv6Family","48","96","32",,"None"
"Standard_D4als_v6","Standard","standardDalv6Family","4","8","8",,"None"
"Standard_D64als_v6","Standard","standardDalv6Family","64","128","32",,"None"
"Standard_D8als_v6","Standard","standardDalv6Family","8","16","16",,"None"
"Standard_D96als_v6","Standard","standardDalv6Family","96","192","32",,"None"
"Standard_D16as_v4","Standard","standardDASv4Family","16","64","32",,"None"
"Standard_D2as_v4","Standard","standardDASv4Family","2","8","4",,"None"
"Standard_D32as_v4","Standard","standardDASv4Family","32","128","32",,"None"
"Standard_D48as_v4","Standard","standardDASv4Family","48","192","32",,"None"
"Standard_D4as_v4","Standard","standardDASv4Family","4","16","8",,"None"
"Standard_D64as_v4","Standard","standardDASv4Family","64","256","32",,"None"
"Standard_D8as_v4","Standard","standardDASv4Family","8","32","16",,"None"
"Standard_D96as_v4","Standard","standardDASv4Family","96","384","32",,"None"
"Standard_D16as_v5","Standard","standardDASv5Family","16","64","32",,"None"
"Standard_D2as_v5","Standard","standardDASv5Family","2","8","4",,"None"
"Standard_D32as_v5","Standard","standardDASv5Family","32","128","32",,"None"
"Standard_D48as_v5","Standard","standardDASv5Family","48","192","32",,"None"
"Standard_D4as_v5","Standard","standardDASv5Family","4","16","8",,"None"
"Standard_D64as_v5","Standard","standardDASv5Family","64","256","32",,"None"
"Standard_D8as_v5","Standard","standardDASv5Family","8","32","16",,"None"
"Standard_D96as_v5","Standard","standardDASv5Family","96","384","32",,"None"
"Standard_D16a_v4","Standard","standardDAv4Family","16","64","32",,"None"
"Standard_D2a_v4","Standard","standardDAv4Family","2","8","4",,"None"
"Standard_D32a_v4","Standard","standardDAv4Family","32","128","32",,"None"
"Standard_D48a_v4","Standard","standardDAv4Family","48","192","32",,"None"
"Standard_D4a_v4","Standard","standardDAv4Family","4","16","8",,"None"
"Standard_D64a_v4","Standard","standardDAv4Family","64","256","32",,"None"
"Standard_D8a_v4","Standard","standardDAv4Family","8","32","16",,"None"
"Standard_D96a_v4","Standard","standardDAv4Family","96","384","32",,"None"
"Standard_D16as_v6","Standard","standardDav6Family","16","64","32",,"None"
"Standard_D2as_v6","Standard","standardDav6Family","2","8","4",,"None"
"Standard_D32as_v6","Standard","standardDav6Family","32","128","32",,"None"
"Standard_D48as_v6","Standard","standardDav6Family","48","192","32",,"None"
"Standard_D4as_v6","Standard","standardDav6Family","4","16","8",,"None"
"Standard_D64as_v6","Standard","standardDav6Family","64","256","32",,"None"
"Standard_D8as_v6","Standard","standardDav6Family","8","32","16",,"None"
"Standard_D96as_v6","Standard","standardDav6Family","96","384","32",,"None"
"Standard_DC16ads_v6","Standard","standardDCadsv6Family","16","64","32",,"None"
"Standard_DC2ads_v6","Standard","standardDCadsv6Family","2","8","4",,"None"
"Standard_DC32ads_v6","Standard","standardDCadsv6Family","32","128","32",,"None"
"Standard_DC48ads_v6","Standard","standardDCadsv6Family","48","192","32",,"None"
"Standard_DC4ads_v6","Standard","standardDCadsv6Family","4","16","8",,"None"
"Standard_DC64ads_v6","Standard","standardDCadsv6Family","64","256","32",,"None"
"Standard_DC8ads_v6","Standard","standardDCadsv6Family","8","32","16",,"None"
"Standard_DC96ads_v6","Standard","standardDCadsv6Family","96","384","32",,"None"
"Standard_DC16as_v6","Standard","standardDCasv6Family","16","64","32",,"None"
"Standard_DC2as_v6","Standard","standardDCasv6Family","2","8","4",,"None"
"Standard_DC32as_v6","Standard","standardDCasv6Family","32","128","32",,"None"
"Standard_DC48as_v6","Standard","standardDCasv6Family","48","192","32",,"None"
"Standard_DC4as_v6","Standard","standardDCasv6Family","4","16","8",,"None"
"Standard_DC64as_v6","Standard","standardDCasv6Family","64","256","32",,"None"
"Standard_DC8as_v6","Standard","standardDCasv6Family","8","32","16",,"None"
"Standard_DC96as_v6","Standard","standardDCasv6Family","96","384","32",,"None"
"Standard_D16ds_v4","Standard","standardDDSv4Family","16","64","32",,"None"
"Standard_D2ds_v4","Standard","standardDDSv4Family","2","8","4",,"None"
"Standard_D32ds_v4","Standard","standardDDSv4Family","32","128","32",,"None"
"Standard_D48ds_v4","Standard","standardDDSv4Family","48","192","32",,"None"
"Standard_D4ds_v4","Standard","standardDDSv4Family","4","16","8",,"None"
"Standard_D64ds_v4","Standard","standardDDSv4Family","64","256","32",,"None"
"Standard_D8ds_v4","Standard","standardDDSv4Family","8","32","16",,"None"
"Standard_D16ds_v5","Standard","standardDDSv5Family","16","64","32",,"None"
"Standard_D2ds_v5","Standard","standardDDSv5Family","2","8","4",,"None"
"Standard_D32ds_v5","Standard","standardDDSv5Family","32","128","32",,"None"
"Standard_D48ds_v5","Standard","standardDDSv5Family","48","192","32",,"None"
"Standard_D4ds_v5","Standard","standardDDSv5Family","4","16","8",,"None"
"Standard_D64ds_v5","Standard","standardDDSv5Family","64","256","32",,"None"
"Standard_D8ds_v5","Standard","standardDDSv5Family","8","32","16",,"None"
"Standard_D96ds_v5","Standard","standardDDSv5Family","96","384","32",,"None"
"Standard_D128ds_v6","Standard","StandardDdsv6Family","128","512","64",,"None"
"Standard_D16ds_v6","Standard","StandardDdsv6Family","16","64","48",,"None"
"Standard_D192ds_v6","Standard","StandardDdsv6Family","192","768","64",,"None"
"Standard_D2ds_v6","Standard","StandardDdsv6Family","2","8","8",,"None"
"Standard_D32ds_v6","Standard","StandardDdsv6Family","32","128","64",,"None"
"Standard_D48ds_v6","Standard","StandardDdsv6Family","48","192","64",,"None"
"Standard_D4ds_v6","Standard","StandardDdsv6Family","4","16","12",,"None"
"Standard_D64ds_v6","Standard","StandardDdsv6Family","64","256","64",,"None"
"Standard_D8ds_v6","Standard","StandardDdsv6Family","8","32","24",,"None"
"Standard_D96ds_v6","Standard","StandardDdsv6Family","96","384","64",,"None"
"Standard_D16d_v4","Standard","standardDDv4Family","16","64","32",,"None"
"Standard_D2d_v4","Standard","standardDDv4Family","2","8","4",,"None"
"Standard_D32d_v4","Standard","standardDDv4Family","32","128","32",,"None"
"Standard_D48d_v4","Standard","standardDDv4Family","48","192","32",,"None"
"Standard_D4d_v4","Standard","standardDDv4Family","4","16","8",,"None"
"Standard_D64d_v4","Standard","standardDDv4Family","64","256","32",,"None"
"Standard_D8d_v4","Standard","standardDDv4Family","8","32","16",,"None"
"Standard_D16d_v5","Standard","standardDDv5Family","16","64","32",,"None"
"Standard_D2d_v5","Standard","standardDDv5Family","2","8","4",,"None"
"Standard_D32d_v5","Standard","standardDDv5Family","32","128","32",,"None"
"Standard_D48d_v5","Standard","standardDDv5Family","48","192","32",,"None"
"Standard_D4d_v5","Standard","standardDDv5Family","4","16","8",,"None"
"Standard_D64d_v5","Standard","standardDDv5Family","64","256","32",,"None"
"Standard_D8d_v5","Standard","standardDDv5Family","8","32","16",,"None"
"Standard_D96d_v5","Standard","standardDDv5Family","96","384","32",,"None"
"Standard_D1","Standard","standardDFamily","1","3.5","4",,"None"
"Standard_D11","Standard","standardDFamily","2","14","8",,"None"
"Standard_D12","Standard","standardDFamily","4","28","16",,"None"
"Standard_D13","Standard","standardDFamily","8","56","32",,"None"
"Standard_D14","Standard","standardDFamily","16","112","64",,"None"
"Standard_D2","Standard","standardDFamily","2","7","8",,"None"
"Standard_D3","Standard","standardDFamily","4","14","16",,"None"
"Standard_D4","Standard","standardDFamily","8","28","32",,"None"
"Standard_D16lds_v5","Standard","standardDLDSv5Family","16","32","32",,"None"
"Standard_D2lds_v5","Standard","standardDLDSv5Family","2","4","4",,"None"
"Standard_D32lds_v5","Standard","standardDLDSv5Family","32","64","32",,"None"
"Standard_D48lds_v5","Standard","standardDLDSv5Family","48","96","32",,"None"
"Standard_D4lds_v5","Standard","standardDLDSv5Family","4","8","8",,"None"
"Standard_D64lds_v5","Standard","standardDLDSv5Family","64","128","32",,"None"
"Standard_D8lds_v5","Standard","standardDLDSv5Family","8","16","16",,"None"
"Standard_D96lds_v5","Standard","standardDLDSv5Family","96","192","32",,"None"
"Standard_D128lds_v6","Standard","StandardDldsv6Family","128","256","64",,"None"
"Standard_D16lds_v6","Standard","StandardDldsv6Family","16","32","48",,"None"
"Standard_D2lds_v6","Standard","StandardDldsv6Family","2","4","8",,"None"
"Standard_D32lds_v6","Standard","StandardDldsv6Family","32","64","64",,"None"
"Standard_D48lds_v6","Standard","StandardDldsv6Family","48","96","64",,"None"
"Standard_D4lds_v6","Standard","StandardDldsv6Family","4","8","12",,"None"
"Standard_D64lds_v6","Standard","StandardDldsv6Family","64","128","64",,"None"
"Standard_D8lds_v6","Standard","StandardDldsv6Family","8","16","24",,"None"
"Standard_D96lds_v6","Standard","StandardDldsv6Family","96","192","64",,"None"
"Standard_D16ls_v5","Standard","standardDLSv5Family","16","32","32",,"None"
"Standard_D2ls_v5","Standard","standardDLSv5Family","2","4","4",,"None"
"Standard_D32ls_v5","Standard","standardDLSv5Family","32","64","32",,"None"
"Standard_D48ls_v5","Standard","standardDLSv5Family","48","96","32",,"None"
"Standard_D4ls_v5","Standard","standardDLSv5Family","4","8","8",,"None"
"Standard_D64ls_v5","Standard","standardDLSv5Family","64","128","32",,"None"
"Standard_D8ls_v5","Standard","standardDLSv5Family","8","16","16",,"None"
"Standard_D96ls_v5","Standard","standardDLSv5Family","96","192","32",,"None"
"Standard_D128ls_v6","Standard","StandardDlsv6Family","128","256","64",,"None"
"Standard_D16ls_v6","Standard","StandardDlsv6Family","16","32","48",,"None"
"Standard_D2ls_v6","Standard","StandardDlsv6Family","2","4","8",,"None"
"Standard_D32ls_v6","Standard","StandardDlsv6Family","32","64","64",,"None"
"Standard_D48ls_v6","Standard","StandardDlsv6Family","48","96","64",,"None"
"Standard_D4ls_v6","Standard","StandardDlsv6Family","4","8","12",,"None"
"Standard_D64ls_v6","Standard","StandardDlsv6Family","64","128","64",,"None"
"Standard_D8ls_v6","Standard","StandardDlsv6Family","8","16","24",,"None"
"Standard_D96ls_v6","Standard","StandardDlsv6Family","96","192","64",,"None"
"Standard_D16pds_v6","Standard","StandardDpdsv6Family","16","64","48",,"None"
"Standard_D2pds_v6","Standard","StandardDpdsv6Family","2","8","8",,"None"
"Standard_D32pds_v6","Standard","StandardDpdsv6Family","32","128","64",,"None"
"Standard_D48pds_v6","Standard","StandardDpdsv6Family","48","192","64",,"None"
"Standard_D4pds_v6","Standard","StandardDpdsv6Family","4","16","12",,"None"
"Standard_D64pds_v6","Standard","StandardDpdsv6Family","64","256","64",,"None"
"Standard_D8pds_v6","Standard","StandardDpdsv6Family","8","32","24",,"None"
"Standard_D96pds_v6","Standard","StandardDpdsv6Family","96","384","64",,"None"
"Standard_D16plds_v6","Standard","StandardDpldsv6Family","16","32","48",,"None"
"Standard_D2plds_v6","Standard","StandardDpldsv6Family","2","4","8",,"None"
"Standard_D32plds_v6","Standard","StandardDpldsv6Family","32","64","64",,"None"
"Standard_D48plds_v6","Standard","StandardDpldsv6Family","48","96","64",,"None"
"Standard_D4plds_v6","Standard","StandardDpldsv6Family","4","8","12",,"None"
"Standard_D64plds_v6","Standard","StandardDpldsv6Family","64","128","64",,"None"
"Standard_D8plds_v6","Standard","StandardDpldsv6Family","8","16","24",,"None"
"Standard_D96plds_v6","Standard","StandardDpldsv6Family","96","192","64",,"None"
"Standard_D16pls_v6","Standard","StandardDplsv6Family","16","32","48",,"None"
"Standard_D2pls_v6","Standard","StandardDplsv6Family","2","4","8",,"None"
"Standard_D32pls_v6","Standard","StandardDplsv6Family","32","64","64",,"None"
"Standard_D48pls_v6","Standard","StandardDplsv6Family","48","96","64",,"None"
"Standard_D4pls_v6","Standard","StandardDplsv6Family","4","8","12",,"None"
"Standard_D64pls_v6","Standard","StandardDplsv6Family","64","128","64",,"None"
"Standard_D8pls_v6","Standard","StandardDplsv6Family","8","16","24",,"None"
"Standard_D96pls_v6","Standard","StandardDplsv6Family","96","192","64",,"None"
"Standard_D16ps_v6","Standard","StandardDpsv6Family","16","64","48",,"None"
"Standard_D2ps_v6","Standard","StandardDpsv6Family","2","8","8",,"None"
"Standard_D32ps_v6","Standard","StandardDpsv6Family","32","128","64",,"None"
"Standard_D48ps_v6","Standard","StandardDpsv6Family","48","192","64",,"None"
"Standard_D4ps_v6","Standard","StandardDpsv6Family","4","16","12",,"None"
"Standard_D64ps_v6","Standard","StandardDpsv6Family","64","256","64",,"None"
"Standard_D8ps_v6","Standard","StandardDpsv6Family","8","32","24",,"None"
"Standard_D96ps_v6","Standard","StandardDpsv6Family","96","384","64",,"None"
"Standard_DS1","Standard","standardDSFamily","1","3.5","4",,"None"
"Standard_DS11","Standard","standardDSFamily","2","14","8",,"None"
"Standard_DS12","Standard","standardDSFamily","4","28","16",,"None"
"Standard_DS13","Standard","standardDSFamily","8","56","32",,"None"
"Standard_DS14","Standard","standardDSFamily","16","112","64",,"None"
"Standard_DS2","Standard","standardDSFamily","2","7","8",,"None"
"Standard_DS3","Standard","standardDSFamily","4","14","16",,"None"
"Standard_DS4","Standard","standardDSFamily","8","28","32",,"None"
"Standard_DS1_v2","Standard","standardDSv2Family","1","3.5","4",,"None"
"Standard_DS11_v2","Standard","standardDSv2Family","2","14","8",,"None"
"Standard_DS11-1_v2","Standard","standardDSv2Family","2","14","8",,"None"
"Standard_DS12_v2","Standard","standardDSv2Family","4","28","16",,"None"
"Standard_DS12-1_v2","Standard","standardDSv2Family","4","28","16",,"None"
"Standard_DS12-2_v2","Standard","standardDSv2Family","4","28","16",,"None"
"Standard_DS13_v2","Standard","standardDSv2Family","8","56","32",,"None"
"Standard_DS13-2_v2","Standard","standardDSv2Family","8","56","32",,"None"
"Standard_DS13-4_v2","Standard","standardDSv2Family","8","56","32",,"None"
"Standard_DS14_v2","Standard","standardDSv2Family","16","112","64",,"None"
"Standard_DS14-4_v2","Standard","standardDSv2Family","16","112","64",,"None"
"Standard_DS14-8_v2","Standard","standardDSv2Family","16","112","64",,"None"
"Standard_DS15_v2","Standard","standardDSv2Family","20","140","64",,"NotAvailableForSubscription"
"Standard_DS2_v2","Standard","standardDSv2Family","2","7","8",,"None"
"Standard_DS3_v2","Standard","standardDSv2Family","4","14","16",,"None"
"Standard_DS4_v2","Standard","standardDSv2Family","8","28","32",,"None"
"Standard_DS5_v2","Standard","standardDSv2Family","16","56","64",,"None"
"Standard_DS11_v2_Promo","Standard","standardDSv2PromoFamily","2","14","8",,"NotAvailableForSubscription"
"Standard_DS12_v2_Promo","Standard","standardDSv2PromoFamily","4","28","16",,"NotAvailableForSubscription"
"Standard_DS13_v2_Promo","Standard","standardDSv2PromoFamily","8","56","32",,"NotAvailableForSubscription"
"Standard_DS14_v2_Promo","Standard","standardDSv2PromoFamily","16","112","64",,"NotAvailableForSubscription"
"Standard_DS2_v2_Promo","Standard","standardDSv2PromoFamily","2","7","8",,"NotAvailableForSubscription"
"Standard_DS3_v2_Promo","Standard","standardDSv2PromoFamily","4","14","16",,"NotAvailableForSubscription"
"Standard_DS4_v2_Promo","Standard","standardDSv2PromoFamily","8","28","32",,"NotAvailableForSubscription"
"Standard_DS5_v2_Promo","Standard","standardDSv2PromoFamily","16","56","64",,"NotAvailableForSubscription"
"Standard_D16s_v3","Standard","standardDSv3Family","16","64","32",,"None"
"Standard_D2s_v3","Standard","standardDSv3Family","2","8","4",,"None"
"Standard_D32s_v3","Standard","standardDSv3Family","32","128","32",,"None"
"Standard_D48s_v3","Standard","standardDSv3Family","48","192","32",,"None"
"Standard_D4s_v3","Standard","standardDSv3Family","4","16","8",,"None"
"Standard_D64s_v3","Standard","standardDSv3Family","64","256","32",,"None"
"Standard_D8s_v3","Standard","standardDSv3Family","8","32","16",,"None"
"Standard_D16s_v4","Standard","standardDSv4Family","16","64","32",,"None"
"Standard_D2s_v4","Standard","standardDSv4Family","2","8","4",,"None"
"Standard_D32s_v4","Standard","standardDSv4Family","32","128","32",,"None"
"Standard_D48s_v4","Standard","standardDSv4Family","48","192","32",,"None"
"Standard_D4s_v4","Standard","standardDSv4Family","4","16","8",,"None"
"Standard_D64s_v4","Standard","standardDSv4Family","64","256","32",,"None"
"Standard_D8s_v4","Standard","standardDSv4Family","8","32","16",,"None"
"Standard_D16s_v5","Standard","standardDSv5Family","16","64","32",,"None"
"Standard_D2s_v5","Standard","standardDSv5Family","2","8","4",,"None"
"Standard_D32s_v5","Standard","standardDSv5Family","32","128","32",,"None"
"Standard_D48s_v5","Standard","standardDSv5Family","48","192","32",,"None"
"Standard_D4s_v5","Standard","standardDSv5Family","4","16","8",,"None"
"Standard_D64s_v5","Standard","standardDSv5Family","64","256","32",,"None"
"Standard_D8s_v5","Standard","standardDSv5Family","8","32","16",,"None"
"Standard_D96s_v5","Standard","standardDSv5Family","96","384","32",,"None"
"Standard_D128s_v6","Standard","StandardDsv6Family","128","512","64",,"None"
"Standard_D16s_v6","Standard","StandardDsv6Family","16","64","48",,"None"
"Standard_D192s_v6","Standard","StandardDsv6Family","192","768","64",,"None"
"Standard_D2s_v6","Standard","StandardDsv6Family","2","8","8",,"None"
"Standard_D32s_v6","Standard","StandardDsv6Family","32","128","64",,"None"
"Standard_D48s_v6","Standard","StandardDsv6Family","48","192","64",,"None"
"Standard_D4s_v6","Standard","StandardDsv6Family","4","16","12",,"None"
"Standard_D64s_v6","Standard","StandardDsv6Family","64","256","64",,"None"
"Standard_D8s_v6","Standard","StandardDsv6Family","8","32","24",,"None"
"Standard_D96s_v6","Standard","StandardDsv6Family","96","384","64",,"None"
"Standard_D1_v2","Standard","standardDv2Family","1","3.5","4",,"None"
"Standard_D11_v2","Standard","standardDv2Family","2","14","8",,"None"
"Standard_D12_v2","Standard","standardDv2Family","4","28","16",,"None"
"Standard_D13_v2","Standard","standardDv2Family","8","56","32",,"None"
"Standard_D14_v2","Standard","standardDv2Family","16","112","64",,"None"
"Standard_D15_v2","Standard","standardDv2Family","20","140","64",,"None"
"Standard_D2_v2","Standard","standardDv2Family","2","7","8",,"None"
"Standard_D3_v2","Standard","standardDv2Family","4","14","16",,"None"
"Standard_D4_v2","Standard","standardDv2Family","8","28","32",,"None"
"Standard_D5_v2","Standard","standardDv2Family","16","56","64",,"None"
"Standard_D11_v2_Promo","Standard","standardDv2PromoFamily","2","14","8",,"NotAvailableForSubscription"
"Standard_D12_v2_Promo","Standard","standardDv2PromoFamily","4","28","16",,"NotAvailableForSubscription"
"Standard_D13_v2_Promo","Standard","standardDv2PromoFamily","8","56","32",,"NotAvailableForSubscription"
"Standard_D14_v2_Promo","Standard","standardDv2PromoFamily","16","112","64",,"NotAvailableForSubscription"
"Standard_D2_v2_Promo","Standard","standardDv2PromoFamily","2","7","8",,"NotAvailableForSubscription"
"Standard_D3_v2_Promo","Standard","standardDv2PromoFamily","4","14","16",,"NotAvailableForSubscription"
"Standard_D4_v2_Promo","Standard","standardDv2PromoFamily","8","28","32",,"NotAvailableForSubscription"
"Standard_D5_v2_Promo","Standard","standardDv2PromoFamily","16","56","64",,"NotAvailableForSubscription"
"Standard_D16_v3","Standard","standardDv3Family","16","64","32",,"None"
"Standard_D2_v3","Standard","standardDv3Family","2","8","4",,"None"
"Standard_D32_v3","Standard","standardDv3Family","32","128","32",,"None"
"Standard_D4_v3","Standard","standardDv3Family","4","16","8",,"None"
"Standard_D48_v3","Standard","standardDv3Family","48","192","32",,"None"
"Standard_D64_v3","Standard","standardDv3Family","64","256","32",,"None"
"Standard_D8_v3","Standard","standardDv3Family","8","32","16",,"None"
"Standard_D16_v4","Standard","standardDv4Family","16","64","32",,"None"
"Standard_D2_v4","Standard","standardDv4Family","2","8","4",,"None"
"Standard_D32_v4","Standard","standardDv4Family","32","128","32",,"None"
"Standard_D4_v4","Standard","standardDv4Family","4","16","8",,"None"
"Standard_D48_v4","Standard","standardDv4Family","48","192","32",,"None"
"Standard_D64_v4","Standard","standardDv4Family","64","256","32",,"None"
"Standard_D8_v4","Standard","standardDv4Family","8","32","16",,"None"
"Standard_D16_v5","Standard","standardDv5Family","16","64","32",,"None"
"Standard_D2_v5","Standard","standardDv5Family","2","8","4",,"None"
"Standard_D32_v5","Standard","standardDv5Family","32","128","32",,"None"
"Standard_D4_v5","Standard","standardDv5Family","4","16","8",,"None"
"Standard_D48_v5","Standard","standardDv5Family","48","192","32",,"None"
"Standard_D64_v5","Standard","standardDv5Family","64","256","32",,"None"
"Standard_D8_v5","Standard","standardDv5Family","8","32","16",,"None"
"Standard_D96_v5","Standard","standardDv5Family","96","384","32",,"None"
"Standard_E16-4ads_v5","Standard","standardEADSv5Family","16","128","32",,"None"
"Standard_E16-8ads_v5","Standard","standardEADSv5Family","16","128","32",,"None"
"Standard_E16ads_v5","Standard","standardEADSv5Family","16","128","32",,"None"
"Standard_E20ads_v5","Standard","standardEADSv5Family","20","160","32",,"None"
"Standard_E2ads_v5","Standard","standardEADSv5Family","2","16","4",,"None"
"Standard_E32-16ads_v5","Standard","standardEADSv5Family","32","256","32",,"None"
"Standard_E32-8ads_v5","Standard","standardEADSv5Family","32","256","32",,"None"
"Standard_E32ads_v5","Standard","standardEADSv5Family","32","256","32",,"None"
"Standard_E4-2ads_v5","Standard","standardEADSv5Family","4","32","8",,"None"
"Standard_E48ads_v5","Standard","standardEADSv5Family","48","384","32",,"None"
"Standard_E4ads_v5","Standard","standardEADSv5Family","4","32","8",,"None"
"Standard_E64-16ads_v5","Standard","standardEADSv5Family","64","512","32",,"None"
"Standard_E64-32ads_v5","Standard","standardEADSv5Family","64","512","32",,"None"
"Standard_E64ads_v5","Standard","standardEADSv5Family","64","512","32",,"None"
"Standard_E8-2ads_v5","Standard","standardEADSv5Family","8","64","16",,"None"
"Standard_E8-4ads_v5","Standard","standardEADSv5Family","8","64","16",,"None"
"Standard_E8ads_v5","Standard","standardEADSv5Family","8","64","16",,"None"
"Standard_E96-24ads_v5","Standard","standardEADSv5Family","96","672","32",,"None"
"Standard_E96-48ads_v5","Standard","standardEADSv5Family","96","672","32",,"None"
"Standard_E96ads_v5","Standard","standardEADSv5Family","96","672","32",,"None"
"Standard_E16ads_v6","Standard","standardEadv6Family","16","128","32",,"None"
"Standard_E20ads_v6","Standard","standardEadv6Family","20","160","32",,"None"
"Standard_E2ads_v6","Standard","standardEadv6Family","2","16","4",,"None"
"Standard_E32ads_v6","Standard","standardEadv6Family","32","256","32",,"None"
"Standard_E48ads_v6","Standard","standardEadv6Family","48","384","32",,"None"
"Standard_E4ads_v6","Standard","standardEadv6Family","4","32","8",,"None"
"Standard_E64ads_v6","Standard","standardEadv6Family","64","512","32",,"None"
"Standard_E8ads_v6","Standard","standardEadv6Family","8","64","16",,"None"
"Standard_E96-24ads_v6","Standard","standardEadv6Family","96","672","32",,"None"
"Standard_E96-48ads_v6","Standard","standardEadv6Family","96","672","32",,"None"
"Standard_E96ads_v6","Standard","standardEadv6Family","96","672","32",,"None"
"Standard_E16-4as_v4","Standard","standardEASv4Family","16","128","32",,"None"
"Standard_E16-8as_v4","Standard","standardEASv4Family","16","128","32",,"None"
"Standard_E16as_v4","Standard","standardEASv4Family","16","128","32",,"None"
"Standard_E20as_v4","Standard","standardEASv4Family","20","160","32",,"None"
"Standard_E2as_v4","Standard","standardEASv4Family","2","16","4",,"None"
"Standard_E32-16as_v4","Standard","standardEASv4Family","32","256","32",,"None"
"Standard_E32-8as_v4","Standard","standardEASv4Family","32","256","32",,"None"
"Standard_E32as_v4","Standard","standardEASv4Family","32","256","32",,"None"
"Standard_E4-2as_v4","Standard","standardEASv4Family","4","32","8",,"None"
"Standard_E48as_v4","Standard","standardEASv4Family","48","384","32",,"None"
"Standard_E4as_v4","Standard","standardEASv4Family","4","32","8",,"None"
"Standard_E64-16as_v4","Standard","standardEASv4Family","64","512","32",,"None"
"Standard_E64-32as_v4","Standard","standardEASv4Family","64","512","32",,"None"
"Standard_E64as_v4","Standard","standardEASv4Family","64","512","32",,"None"
"Standard_E8-2as_v4","Standard","standardEASv4Family","8","64","16",,"None"
"Standard_E8-4as_v4","Standard","standardEASv4Family","8","64","16",,"None"
"Standard_E8as_v4","Standard","standardEASv4Family","8","64","16",,"None"
"Standard_E96-24as_v4","Standard","standardEASv4Family","96","672","32",,"None"
"Standard_E96-48as_v4","Standard","standardEASv4Family","96","672","32",,"None"
"Standard_E96as_v4","Standard","standardEASv4Family","96","672","32",,"None"
"Standard_E16-4as_v5","Standard","standardEASv5Family","16","128","32",,"None"
"Standard_E16-8as_v5","Standard","standardEASv5Family","16","128","32",,"None"
"Standard_E16as_v5","Standard","standardEASv5Family","16","128","32",,"None"
"Standard_E20as_v5","Standard","standardEASv5Family","20","160","32",,"None"
"Standard_E2as_v5","Standard","standardEASv5Family","2","16","4",,"None"
"Standard_E32-16as_v5","Standard","standardEASv5Family","32","256","32",,"None"
"Standard_E32-8as_v5","Standard","standardEASv5Family","32","256","32",,"None"
"Standard_E32as_v5","Standard","standardEASv5Family","32","256","32",,"None"
"Standard_E4-2as_v5","Standard","standardEASv5Family","4","32","8",,"None"
"Standard_E48as_v5","Standard","standardEASv5Family","48","384","32",,"None"
"Standard_E4as_v5","Standard","standardEASv5Family","4","32","8",,"None"
"Standard_E64-16as_v5","Standard","standardEASv5Family","64","512","32",,"None"
"Standard_E64-32as_v5","Standard","standardEASv5Family","64","512","32",,"None"
"Standard_E64as_v5","Standard","standardEASv5Family","64","512","32",,"None"
"Standard_E8-2as_v5","Standard","standardEASv5Family","8","64","16",,"None"
"Standard_E8-4as_v5","Standard","standardEASv5Family","8","64","16",,"None"
"Standard_E8as_v5","Standard","standardEASv5Family","8","64","16",,"None"
"Standard_E96-24as_v5","Standard","standardEASv5Family","96","672","32",,"None"
"Standard_E96-48as_v5","Standard","standardEASv5Family","96","672","32",,"None"
"Standard_E96as_v5","Standard","standardEASv5Family","96","672","32",,"None"
"Standard_E16a_v4","Standard","standardEAv4Family","16","128","32",,"None"
"Standard_E20a_v4","Standard","standardEAv4Family","20","160","32",,"None"
"Standard_E2a_v4","Standard","standardEAv4Family","2","16","4",,"None"
"Standard_E32a_v4","Standard","standardEAv4Family","32","256","32",,"None"
"Standard_E48a_v4","Standard","standardEAv4Family","48","384","32",,"None"
"Standard_E4a_v4","Standard","standardEAv4Family","4","32","8",,"None"
"Standard_E64a_v4","Standard","standardEAv4Family","64","512","32",,"None"
"Standard_E8a_v4","Standard","standardEAv4Family","8","64","16",,"None"
"Standard_E96a_v4","Standard","standardEAv4Family","96","672","32",,"None"
"Standard_E16as_v6","Standard","standardEav6Family","16","128","32",,"None"
"Standard_E20as_v6","Standard","standardEav6Family","20","160","32",,"None"
"Standard_E2as_v6","Standard","standardEav6Family","2","16","4",,"None"
"Standard_E32as_v6","Standard","standardEav6Family","32","256","32",,"None"
"Standard_E48as_v6","Standard","standardEav6Family","48","384","32",,"None"
"Standard_E4as_v6","Standard","standardEav6Family","4","32","8",,"None"
"Standard_E64as_v6","Standard","standardEav6Family","64","512","32",,"None"
"Standard_E8as_v6","Standard","standardEav6Family","8","64","16",,"None"
"Standard_E96as_v6","Standard","standardEav6Family","96","672","32",,"None"
"Standard_E16bds_v5","Standard","standardEBDSv5Family","16","128","32",,"None"
"Standard_E2bds_v5","Standard","standardEBDSv5Family","2","16","4",,"None"
"Standard_E32bds_v5","Standard","standardEBDSv5Family","32","256","32",,"None"
"Standard_E48bds_v5","Standard","standardEBDSv5Family","48","384","32",,"None"
"Standard_E4bds_v5","Standard","standardEBDSv5Family","4","32","8",,"None"
"Standard_E64bds_v5","Standard","standardEBDSv5Family","64","512","32",,"None"
"Standard_E8bds_v5","Standard","standardEBDSv5Family","8","64","16",,"None"
"Standard_E96bds_v5","Standard","standardEBDSv5Family","96","672","32",,"None"
"Standard_E16bs_v5","Standard","standardEBSv5Family","16","128","32",,"None"
"Standard_E2bs_v5","Standard","standardEBSv5Family","2","16","4",,"None"
"Standard_E32bs_v5","Standard","standardEBSv5Family","32","256","32",,"None"
"Standard_E48bs_v5","Standard","standardEBSv5Family","48","384","32",,"None"
"Standard_E4bs_v5","Standard","standardEBSv5Family","4","32","8",,"None"
"Standard_E64bs_v5","Standard","standardEBSv5Family","64","512","32",,"None"
"Standard_E8bs_v5","Standard","standardEBSv5Family","8","64","16",,"None"
"Standard_E96bs_v5","Standard","standardEBSv5Family","96","672","32",,"None"
"Standard_EC16ads_v6","Standard","standardECadsv6Family","16","128","32",,"None"
"Standard_EC2ads_v6","Standard","standardECadsv6Family","2","16","4",,"None"
"Standard_EC32ads_v6","Standard","standardECadsv6Family","32","256","32",,"None"
"Standard_EC48ads_v6","Standard","standardECadsv6Family","48","384","32",,"None"
"Standard_EC4ads_v6","Standard","standardECadsv6Family","4","32","8",,"None"
"Standard_EC64ads_v6","Standard","standardECadsv6Family","64","512","32",,"None"
"Standard_EC8ads_v6","Standard","standardECadsv6Family","8","64","16",,"None"
"Standard_EC96ads_v6","Standard","standardECadsv6Family","96","672","32",,"None"
"Standard_EC16as_v6","Standard","standardECasv6Family","16","128","32",,"None"
"Standard_EC2as_v6","Standard","standardECasv6Family","2","16","4",,"None"
"Standard_EC32as_v6","Standard","standardECasv6Family","32","256","32",,"None"
"Standard_EC48as_v6","Standard","standardECasv6Family","48","384","32",,"None"
"Standard_EC4as_v6","Standard","standardECasv6Family","4","32","8",,"None"
"Standard_EC64as_v6","Standard","standardECasv6Family","64","512","32",,"None"
"Standard_EC8as_v6","Standard","standardECasv6Family","8","64","16",,"None"
"Standard_EC96as_v6","Standard","standardECasv6Family","96","672","32",,"None"
"Standard_E16-4ds_v4","Standard","standardEDSv4Family","16","128","32",,"None"
"Standard_E16-8ds_v4","Standard","standardEDSv4Family","16","128","32",,"None"
"Standard_E16ds_v4","Standard","standardEDSv4Family","16","128","32",,"None"
"Standard_E20ds_v4","Standard","standardEDSv4Family","20","160","32",,"None"
"Standard_E2ds_v4","Standard","standardEDSv4Family","2","16","4",,"None"
"Standard_E32-16ds_v4","Standard","standardEDSv4Family","32","256","32",,"None"
"Standard_E32-8ds_v4","Standard","standardEDSv4Family","32","256","32",,"None"
"Standard_E32ds_v4","Standard","standardEDSv4Family","32","256","32",,"None"
"Standard_E4-2ds_v4","Standard","standardEDSv4Family","4","32","8",,"None"
"Standard_E48ds_v4","Standard","standardEDSv4Family","48","384","32",,"None"
"Standard_E4ds_v4","Standard","standardEDSv4Family","4","32","8",,"None"
"Standard_E64-16ds_v4","Standard","standardEDSv4Family","64","504","32",,"None"
"Standard_E64-32ds_v4","Standard","standardEDSv4Family","64","504","32",,"None"
"Standard_E64ds_v4","Standard","standardEDSv4Family","64","504","32",,"None"
"Standard_E8-2ds_v4","Standard","standardEDSv4Family","8","64","16",,"None"
"Standard_E8-4ds_v4","Standard","standardEDSv4Family","8","64","16",,"None"
"Standard_E8ds_v4","Standard","standardEDSv4Family","8","64","16",,"None"
"Standard_E16-4ds_v5","Standard","standardEDSv5Family","16","128","32",,"None"
"Standard_E16-8ds_v5","Standard","standardEDSv5Family","16","128","32",,"None"
"Standard_E16ds_v5","Standard","standardEDSv5Family","16","128","32",,"None"
"Standard_E20ds_v5","Standard","standardEDSv5Family","20","160","32",,"None"
"Standard_E2ds_v5","Standard","standardEDSv5Family","2","16","4",,"None"
"Standard_E32-16ds_v5","Standard","standardEDSv5Family","32","256","32",,"None"
"Standard_E32-8ds_v5","Standard","standardEDSv5Family","32","256","32",,"None"
"Standard_E32ds_v5","Standard","standardEDSv5Family","32","256","32",,"None"
"Standard_E4-2ds_v5","Standard","standardEDSv5Family","4","32","8",,"None"
"Standard_E48ds_v5","Standard","standardEDSv5Family","48","384","32",,"None"
"Standard_E4ds_v5","Standard","standardEDSv5Family","4","32","8",,"None"
"Standard_E64-16ds_v5","Standard","standardEDSv5Family","64","512","32",,"None"
"Standard_E64-32ds_v5","Standard","standardEDSv5Family","64","512","32",,"None"
"Standard_E64ds_v5","Standard","standardEDSv5Family","64","512","32",,"None"
"Standard_E8-2ds_v5","Standard","standardEDSv5Family","8","64","16",,"None"
"Standard_E8-4ds_v5","Standard","standardEDSv5Family","8","64","32",,"None"
"Standard_E8ds_v5","Standard","standardEDSv5Family","8","64","16",,"None"
"Standard_E96-24ds_v5","Standard","standardEDSv5Family","96","672","32",,"None"
"Standard_E96-48ds_v5","Standard","standardEDSv5Family","96","672","32",,"None"
"Standard_E96ds_v5","Standard","standardEDSv5Family","96","672","32",,"None"
"Standard_E128-32ds_v6","Standard","StandardEdsv6Family","128","1024","64",,"None"
"Standard_E128-64ds_v6","Standard","StandardEdsv6Family","128","1024","64",,"None"
"Standard_E128ds_v6","Standard","StandardEdsv6Family","128","1024","64",,"None"
"Standard_E16-4ds_v6","Standard","StandardEdsv6Family","16","128","48",,"None"
"Standard_E16-8ds_v6","Standard","StandardEdsv6Family","16","128","48",,"None"
"Standard_E16ds_v6","Standard","StandardEdsv6Family","16","128","48",,"None"
"Standard_E192ids_v6","Standard","StandardEdsv6Family","192","1832","64",,"None"
"Standard_E20ds_v6","Standard","StandardEdsv6Family","20","160","48",,"None"
"Standard_E2ds_v6","Standard","StandardEdsv6Family","2","16","8",,"None"
"Standard_E32-16ds_v6","Standard","StandardEdsv6Family","32","256","64",,"None"
"Standard_E32-8ds_v6","Standard","StandardEdsv6Family","32","256","64",,"None"
"Standard_E32ds_v6","Standard","StandardEdsv6Family","32","256","64",,"None"
"Standard_E4-2ds_v6","Standard","StandardEdsv6Family","4","32","12",,"None"
"Standard_E48ds_v6","Standard","StandardEdsv6Family","48","384","64",,"None"
"Standard_E4ds_v6","Standard","StandardEdsv6Family","4","32","12",,"None"
"Standard_E64-16ds_v6","Standard","StandardEdsv6Family","64","512","64",,"None"
"Standard_E64-32ds_v6","Standard","StandardEdsv6Family","64","512","64",,"None"
"Standard_E64ds_v6","Standard","StandardEdsv6Family","64","512","64",,"None"
"Standard_E8-2ds_v6","Standard","StandardEdsv6Family","8","64","24",,"None"
"Standard_E8-4ds_v6","Standard","StandardEdsv6Family","8","64","24",,"None"
"Standard_E8ds_v6","Standard","StandardEdsv6Family","8","64","24",,"None"
"Standard_E96-24ds_v6","Standard","StandardEdsv6Family","96","768","64",,"None"
"Standard_E96-48ds_v6","Standard","StandardEdsv6Family","96","768","64",,"None"
"Standard_E96ds_v6","Standard","StandardEdsv6Family","96","768","64",,"None"
"Standard_E16d_v4","Standard","standardEDv4Family","16","128","32",,"None"
"Standard_E20d_v4","Standard","standardEDv4Family","20","160","32",,"None"
"Standard_E2d_v4","Standard","standardEDv4Family","2","16","4",,"None"
"Standard_E32d_v4","Standard","standardEDv4Family","32","256","32",,"None"
"Standard_E48d_v4","Standard","standardEDv4Family","48","384","32",,"None"
"Standard_E4d_v4","Standard","standardEDv4Family","4","32","8",,"None"
"Standard_E64d_v4","Standard","standardEDv4Family","64","504","32",,"None"
"Standard_E8d_v4","Standard","standardEDv4Family","8","64","16",,"None"
"Standard_E16d_v5","Standard","standardEDv5Family","16","128","32",,"None"
"Standard_E20d_v5","Standard","standardEDv5Family","20","160","32",,"None"
"Standard_E2d_v5","Standard","standardEDv5Family","2","16","4",,"None"
"Standard_E32d_v5","Standard","standardEDv5Family","32","256","32",,"None"
"Standard_E48d_v5","Standard","standardEDv5Family","48","384","32",,"None"
"Standard_E4d_v5","Standard","standardEDv5Family","4","32","8",,"None"
"Standard_E64d_v5","Standard","standardEDv5Family","64","512","32",,"None"
"Standard_E8d_v5","Standard","standardEDv5Family","8","64","16",,"None"
"Standard_E96d_v5","Standard","standardEDv5Family","96","672","32",,"None"
"Standard_E112iads_v5","Standard","standardEIADSv5Family","112","672","64",,"None"
"Standard_E112ias_v5","Standard","standardEIASv5Family","112","672","64",,"None"
"Standard_E112ibds_v5","Standard","standardEIBDSv5Family","112","672","64",,"None"
"Standard_E112ibs_v5","Standard","standardEIBSv5Family","112","672","64",,"None"
"Standard_E104ids_v5","Standard","standardEIDSv5Family","104","672","64",,"None"
"Standard_E104id_v5","Standard","standardEIDv5Family","104","672","64",,"None"
"Standard_E104is_v5","Standard","standardEISv5Family","104","672","64",,"None"
"Standard_E104i_v5","Standard","standardEIv5Family","104","672","64",,"None"
"Standard_E16pds_v6","Standard","StandardEpdsv6Family","16","128","48",,"None"
"Standard_E2pds_v6","Standard","StandardEpdsv6Family","2","16","8",,"None"
"Standard_E32pds_v6","Standard","StandardEpdsv6Family","32","256","64",,"None"
"Standard_E48pds_v6","Standard","StandardEpdsv6Family","48","384","64",,"None"
"Standard_E4pds_v6","Standard","StandardEpdsv6Family","4","32","12",,"None"
"Standard_E64pds_v6","Standard","StandardEpdsv6Family","64","512","64",,"None"
"Standard_E8pds_v6","Standard","StandardEpdsv6Family","8","64","24",,"None"
"Standard_E96pds_v6","Standard","StandardEpdsv6Family","96","672","64",,"None"
"Standard_E16ps_v6","Standard","StandardEpsv6Family","16","128","48",,"None"
"Standard_E2ps_v6","Standard","StandardEpsv6Family","2","16","8",,"None"
"Standard_E32ps_v6","Standard","StandardEpsv6Family","32","256","64",,"None"
"Standard_E48ps_v6","Standard","StandardEpsv6Family","48","384","64",,"None"
"Standard_E4ps_v6","Standard","StandardEpsv6Family","4","32","12",,"None"
"Standard_E64ps_v6","Standard","StandardEpsv6Family","64","512","64",,"None"
"Standard_E8ps_v6","Standard","StandardEpsv6Family","8","64","24",,"None"
"Standard_E96ps_v6","Standard","StandardEpsv6Family","96","672","64",,"None"
"Standard_E16-4s_v3","Standard","standardESv3Family","16","128","32",,"None"
"Standard_E16-8s_v3","Standard","standardESv3Family","16","128","32",,"None"
"Standard_E16s_v3","Standard","standardESv3Family","16","128","32",,"None"
"Standard_E20s_v3","Standard","standardESv3Family","20","160","32",,"None"
"Standard_E2s_v3","Standard","standardESv3Family","2","16","4",,"None"
"Standard_E32-16s_v3","Standard","standardESv3Family","32","256","32",,"None"
"Standard_E32-8s_v3","Standard","standardESv3Family","32","256","32",,"None"
"Standard_E32s_v3","Standard","standardESv3Family","32","256","32",,"None"
"Standard_E4-2s_v3","Standard","standardESv3Family","4","32","8",,"None"
"Standard_E48s_v3","Standard","standardESv3Family","48","384","32",,"None"
"Standard_E4s_v3","Standard","standardESv3Family","4","32","8",,"None"
"Standard_E64-16s_v3","Standard","standardESv3Family","64","432","32",,"None"
"Standard_E64-32s_v3","Standard","standardESv3Family","64","432","32",,"None"
"Standard_E64s_v3","Standard","standardESv3Family","64","432","32",,"None"
"Standard_E8-2s_v3","Standard","standardESv3Family","8","64","16",,"None"
"Standard_E8-4s_v3","Standard","standardESv3Family","8","64","16",,"None"
"Standard_E8s_v3","Standard","standardESv3Family","8","64","16",,"None"
"Standard_E16-4s_v4","Standard","standardESv4Family","16","128","32",,"None"
"Standard_E16-8s_v4","Standard","standardESv4Family","16","128","32",,"None"
"Standard_E16s_v4","Standard","standardESv4Family","16","128","32",,"None"
"Standard_E20s_v4","Standard","standardESv4Family","20","160","32",,"None"
"Standard_E2s_v4","Standard","standardESv4Family","2","16","4",,"None"
"Standard_E32-16s_v4","Standard","standardESv4Family","32","256","32",,"None"
"Standard_E32-8s_v4","Standard","standardESv4Family","32","256","32",,"None"
"Standard_E32s_v4","Standard","standardESv4Family","32","256","32",,"None"
"Standard_E4-2s_v4","Standard","standardESv4Family","4","32","8",,"None"
"Standard_E48s_v4","Standard","standardESv4Family","48","384","32",,"None"
"Standard_E4s_v4","Standard","standardESv4Family","4","32","8",,"None"
"Standard_E64-16s_v4","Standard","standardESv4Family","64","504","32",,"None"
"Standard_E64-32s_v4","Standard","standardESv4Family","64","504","32",,"None"
"Standard_E64s_v4","Standard","standardESv4Family","64","504","32",,"None"
"Standard_E8-2s_v4","Standard","standardESv4Family","8","64","16",,"None"
"Standard_E8-4s_v4","Standard","standardESv4Family","8","64","16",,"None"
"Standard_E8s_v4","Standard","standardESv4Family","8","64","16",,"None"
"Standard_E16-4s_v5","Standard","standardESv5Family","16","128","32",,"None"
"Standard_E16-8s_v5","Standard","standardESv5Family","16","128","32",,"None"
"Standard_E16s_v5","Standard","standardESv5Family","16","128","32",,"None"
"Standard_E20s_v5","Standard","standardESv5Family","20","160","32",,"None"
"Standard_E2s_v5","Standard","standardESv5Family","2","16","4",,"None"
"Standard_E32-16s_v5","Standard","standardESv5Family","32","256","32",,"None"
"Standard_E32-8s_v5","Standard","standardESv5Family","32","256","32",,"None"
"Standard_E32s_v5","Standard","standardESv5Family","32","256","32",,"None"
"Standard_E4-2s_v5","Standard","standardESv5Family","4","32","8",,"None"
"Standard_E48s_v5","Standard","standardESv5Family","48","384","32",,"None"
"Standard_E4s_v5","Standard","standardESv5Family","4","32","8",,"None"
"Standard_E64-16s_v5","Standard","standardESv5Family","64","512","32",,"None"
"Standard_E64-32s_v5","Standard","standardESv5Family","64","512","32",,"None"
"Standard_E64s_v5","Standard","standardESv5Family","64","512","32",,"None"
"Standard_E8-2s_v5","Standard","standardESv5Family","8","64","16",,"None"
"Standard_E8-4s_v5","Standard","standardESv5Family","8","64","32",,"None"
"Standard_E8s_v5","Standard","standardESv5Family","8","64","16",,"None"
"Standard_E96-24s_v5","Standard","standardESv5Family","96","672","32",,"None"
"Standard_E96-48s_v5","Standard","standardESv5Family","96","672","32",,"None"
"Standard_E96s_v5","Standard","standardESv5Family","96","672","32",,"None"
"Standard_E128-32s_v6","Standard","StandardEsv6Family","128","1024","64",,"None"
"Standard_E128-64s_v6","Standard","StandardEsv6Family","128","1024","64",,"None"
"Standard_E128s_v6","Standard","StandardEsv6Family","128","1024","64",,"None"
"Standard_E16-4s_v6","Standard","StandardEsv6Family","16","128","48",,"None"
"Standard_E16-8s_v6","Standard","StandardEsv6Family","16","128","48",,"None"
"Standard_E16s_v6","Standard","StandardEsv6Family","16","128","48",,"None"
"Standard_E192is_v6","Standard","StandardEsv6Family","192","1832","64",,"None"
"Standard_E20s_v6","Standard","StandardEsv6Family","20","160","48",,"None"
"Standard_E2s_v6","Standard","StandardEsv6Family","2","16","8",,"None"
"Standard_E32-16s_v6","Standard","StandardEsv6Family","32","256","64",,"None"
"Standard_E32-8s_v6","Standard","StandardEsv6Family","32","256","64",,"None"
"Standard_E32s_v6","Standard","StandardEsv6Family","32","256","64",,"None"
"Standard_E4-2s_v6","Standard","StandardEsv6Family","4","32","12",,"None"
"Standard_E48s_v6","Standard","StandardEsv6Family","48","384","64",,"None"
"Standard_E4s_v6","Standard","StandardEsv6Family","4","32","12",,"None"
"Standard_E64-16s_v6","Standard","StandardEsv6Family","64","512","64",,"None"
"Standard_E64-32s_v6","Standard","StandardEsv6Family","64","512","64",,"None"
"Standard_E64s_v6","Standard","StandardEsv6Family","64","512","64",,"None"
"Standard_E8-2s_v6","Standard","StandardEsv6Family","8","64","24",,"None"
"Standard_E8-4s_v6","Standard","StandardEsv6Family","8","64","24",,"None"
"Standard_E8s_v6","Standard","StandardEsv6Family","8","64","24",,"None"
"Standard_E96-24s_v6","Standard","StandardEsv6Family","96","768","64",,"None"
"Standard_E96-48s_v6","Standard","StandardEsv6Family","96","768","64",,"None"
"Standard_E96s_v6","Standard","StandardEsv6Family","96","768","64",,"None"
"Standard_E16_v3","Standard","standardEv3Family","16","128","32",,"None"
"Standard_E2_v3","Standard","standardEv3Family","2","16","4",,"None"
"Standard_E20_v3","Standard","standardEv3Family","20","160","32",,"None"
"Standard_E32_v3","Standard","standardEv3Family","32","256","32",,"None"
"Standard_E4_v3","Standard","standardEv3Family","4","32","8",,"None"
"Standard_E48_v3","Standard","standardEv3Family","48","384","32",,"None"
"Standard_E64_v3","Standard","standardEv3Family","64","432","32",,"None"
"Standard_E8_v3","Standard","standardEv3Family","8","64","16",,"None"
"Standard_E16_v4","Standard","standardEv4Family","16","128","32",,"None"
"Standard_E2_v4","Standard","standardEv4Family","2","16","4",,"None"
"Standard_E20_v4","Standard","standardEv4Family","20","160","32",,"None"
"Standard_E32_v4","Standard","standardEv4Family","32","256","32",,"None"
"Standard_E4_v4","Standard","standardEv4Family","4","32","8",,"None"
"Standard_E48_v4","Standard","standardEv4Family","48","384","32",,"None"
"Standard_E64_v4","Standard","standardEv4Family","64","504","32",,"None"
"Standard_E8_v4","Standard","standardEv4Family","8","64","16",,"None"
"Standard_E16_v5","Standard","standardEv5Family","16","128","32",,"None"
"Standard_E2_v5","Standard","standardEv5Family","2","16","4",,"None"
"Standard_E20_v5","Standard","standardEv5Family","20","160","32",,"None"
"Standard_E32_v5","Standard","standardEv5Family","32","256","32",,"None"
"Standard_E4_v5","Standard","standardEv5Family","4","32","8",,"None"
"Standard_E48_v5","Standard","standardEv5Family","48","384","32",,"None"
"Standard_E64_v5","Standard","standardEv5Family","64","512","32",,"None"
"Standard_E8_v5","Standard","standardEv5Family","8","64","16",,"None"
"Standard_E96_v5","Standard","standardEv5Family","96","672","32",,"None"
"Standard_F16als_v6","Standard","StandardFalsv6Family","16","32","32",,"None"
"Standard_F2als_v6","Standard","StandardFalsv6Family","2","4","4",,"None"
"Standard_F32als_v6","Standard","StandardFalsv6Family","32","64","32",,"None"
"Standard_F48als_v6","Standard","StandardFalsv6Family","48","96","32",,"None"
"Standard_F4als_v6","Standard","StandardFalsv6Family","4","8","8",,"None"
"Standard_F64als_v6","Standard","StandardFalsv6Family","64","128","32",,"None"
"Standard_F8als_v6","Standard","StandardFalsv6Family","8","16","16",,"None"
"Standard_F16ams_v6","Standard","StandardFamsv6Family","16","128","32",,"None"
"Standard_F2ams_v6","Standard","StandardFamsv6Family","2","16","4",,"None"
"Standard_F32ams_v6","Standard","StandardFamsv6Family","32","256","32",,"None"
"Standard_F48ams_v6","Standard","StandardFamsv6Family","48","384","32",,"None"
"Standard_F4ams_v6","Standard","StandardFamsv6Family","4","32","8",,"None"
"Standard_F64ams_v6","Standard","StandardFamsv6Family","64","512","32",,"None"
"Standard_F8ams_v6","Standard","StandardFamsv6Family","8","64","16",,"None"
"Standard_F16as_v6","Standard","StandardFasv6Family","16","64","32",,"None"
"Standard_F2as_v6","Standard","StandardFasv6Family","2","8","4",,"None"
"Standard_F32as_v6","Standard","StandardFasv6Family","32","128","32",,"None"
"Standard_F48as_v6","Standard","StandardFasv6Family","48","192","32",,"None"
"Standard_F4as_v6","Standard","StandardFasv6Family","4","16","8",,"None"
"Standard_F64as_v6","Standard","StandardFasv6Family","64","256","32",,"None"
"Standard_F8as_v6","Standard","StandardFasv6Family","8","32","16",,"None"
"Standard_F1","Standard","standardFFamily","1","2","4",,"None"
"Standard_F16","Standard","standardFFamily","16","32","64",,"None"
"Standard_F2","Standard","standardFFamily","2","4","8",,"None"
"Standard_F4","Standard","standardFFamily","4","8","16",,"None"
"Standard_F8","Standard","standardFFamily","8","16","32",,"None"
"Standard_F16s","Standard","standardFSFamily","16","32","64",,"None"
"Standard_F1s","Standard","standardFSFamily","1","2","4",,"None"
"Standard_F2s","Standard","standardFSFamily","2","4","8",,"None"
"Standard_F4s","Standard","standardFSFamily","4","8","16",,"None"
"Standard_F8s","Standard","standardFSFamily","8","16","32",,"None"
"Standard_F16s_v2","Standard","standardFSv2Family","16","32","32",,"None"
"Standard_F2s_v2","Standard","standardFSv2Family","2","4","4",,"None"
"Standard_F32s_v2","Standard","standardFSv2Family","32","64","32",,"None"
"Standard_F48s_v2","Standard","standardFSv2Family","48","96","32",,"None"
"Standard_F4s_v2","Standard","standardFSv2Family","4","8","8",,"None"
"Standard_F64s_v2","Standard","standardFSv2Family","64","128","32",,"None"
"Standard_F72s_v2","Standard","standardFSv2Family","72","144","32",,"None"
"Standard_F8s_v2","Standard","standardFSv2Family","8","16","16",,"None"
"Standard_FX12-6mds_v2","Standard","StandardFXmdsv2Family","12","252","48",,"None"
"Standard_FX12mds_v2","Standard","StandardFXmdsv2Family","12","252","48",,"None"
"Standard_FX16-4mds_v2","Standard","StandardFXmdsv2Family","16","336","48",,"None"
"Standard_FX16-8mds_v2","Standard","StandardFXmdsv2Family","16","336","48",,"None"
"Standard_FX16mds_v2","Standard","StandardFXmdsv2Family","16","336","48",,"None"
"Standard_FX24-12mds_v2","Standard","StandardFXmdsv2Family","24","504","48",,"None"
"Standard_FX24-6mds_v2","Standard","StandardFXmdsv2Family","24","504","48",,"None"
"Standard_FX24mds_v2","Standard","StandardFXmdsv2Family","24","504","48",,"None"
"Standard_FX2mds_v2","Standard","StandardFXmdsv2Family","2","42","8",,"None"
"Standard_FX32-16mds_v2","Standard","StandardFXmdsv2Family","32","672","64",,"None"
"Standard_FX32-8mds_v2","Standard","StandardFXmdsv2Family","32","672","64",,"None"
"Standard_FX32mds_v2","Standard","StandardFXmdsv2Family","32","672","64",,"None"
"Standard_FX4-2mds_v2","Standard","StandardFXmdsv2Family","4","84","12",,"None"
"Standard_FX48-12mds_v2","Standard","StandardFXmdsv2Family","48","1008","64",,"None"
"Standard_FX48-24mds_v2","Standard","StandardFXmdsv2Family","48","1008","64",,"None"
"Standard_FX48mds_v2","Standard","StandardFXmdsv2Family","48","1008","64",,"None"
"Standard_FX4mds_v2","Standard","StandardFXmdsv2Family","4","84","12",,"None"
"Standard_FX64-16mds_v2","Standard","StandardFXmdsv2Family","64","1344","64",,"None"
"Standard_FX64-32mds_v2","Standard","StandardFXmdsv2Family","64","1344","64",,"None"
"Standard_FX64mds_v2","Standard","StandardFXmdsv2Family","64","1344","64",,"None"
"Standard_FX8-2mds_v2","Standard","StandardFXmdsv2Family","8","168","24",,"None"
"Standard_FX8-4mds_v2","Standard","StandardFXmdsv2Family","8","168","24",,"None"
"Standard_FX8mds_v2","Standard","StandardFXmdsv2Family","8","168","24",,"None"
"Standard_FX96-24mds_v2","Standard","StandardFXmdsv2Family","96","1832","64",,"None"
"Standard_FX96-48mds_v2","Standard","StandardFXmdsv2Family","96","1832","64",,"None"
"Standard_FX96mds_v2","Standard","StandardFXmdsv2Family","96","1832","64",,"None"
"Standard_FX12-6ms_v2","Standard","StandardFXmsv2Family","12","252","48",,"None"
"Standard_FX12ms_v2","Standard","StandardFXmsv2Family","12","252","48",,"None"
"Standard_FX16-4ms_v2","Standard","StandardFXmsv2Family","16","336","48",,"None"
"Standard_FX16-8ms_v2","Standard","StandardFXmsv2Family","16","336","48",,"None"
"Standard_FX16ms_v2","Standard","StandardFXmsv2Family","16","336","48",,"None"
"Standard_FX24-12ms_v2","Standard","StandardFXmsv2Family","24","504","48",,"None"
"Standard_FX24-6ms_v2","Standard","StandardFXmsv2Family","24","504","48",,"None"
"Standard_FX24ms_v2","Standard","StandardFXmsv2Family","24","504","48",,"None"
"Standard_FX2ms_v2","Standard","StandardFXmsv2Family","2","42","8",,"None"
"Standard_FX32-16ms_v2","Standard","StandardFXmsv2Family","32","672","64",,"None"
"Standard_FX32-8ms_v2","Standard","StandardFXmsv2Family","32","672","64",,"None"
"Standard_FX32ms_v2","Standard","StandardFXmsv2Family","32","672","64",,"None"
"Standard_FX4-2ms_v2","Standard","StandardFXmsv2Family","4","84","12",,"None"
"Standard_FX48-12ms_v2","Standard","StandardFXmsv2Family","48","1008","64",,"None"
"Standard_FX48-24ms_v2","Standard","StandardFXmsv2Family","48","1008","64",,"None"
"Standard_FX48ms_v2","Standard","StandardFXmsv2Family","48","1008","64",,"None"
"Standard_FX4ms_v2","Standard","StandardFXmsv2Family","4","84","12",,"None"
"Standard_FX64-16ms_v2","Standard","StandardFXmsv2Family","64","1344","64",,"None"
"Standard_FX64-32ms_v2","Standard","StandardFXmsv2Family","64","1344","64",,"None"
"Standard_FX64ms_v2","Standard","StandardFXmsv2Family","64","1344","64",,"None"
"Standard_FX8-2ms_v2","Standard","StandardFXmsv2Family","8","168","24",,"None"
"Standard_FX8-4ms_v2","Standard","StandardFXmsv2Family","8","168","24",,"None"
"Standard_FX8ms_v2","Standard","StandardFXmsv2Family","8","168","24",,"None"
"Standard_FX96-24ms_v2","Standard","StandardFXmsv2Family","96","1832","64",,"None"
"Standard_FX96-48ms_v2","Standard","StandardFXmsv2Family","96","1832","64",,"None"
"Standard_FX96ms_v2","Standard","StandardFXmsv2Family","96","1832","64",,"None"
"Standard_G1","Standard","standardGFamily","2","28","8",,"None"
"Standard_G2","Standard","standardGFamily","4","56","16",,"None"
"Standard_G3","Standard","standardGFamily","8","112","32",,"None"
"Standard_G4","Standard","standardGFamily","16","224","64",,"None"
"Standard_G5","Standard","standardGFamily","32","448","64",,"None"
"Standard_GS1","Standard","standardGSFamily","2","28","8",,"None"
"Standard_GS2","Standard","standardGSFamily","4","56","16",,"None"
"Standard_GS3","Standard","standardGSFamily","8","112","32",,"None"
"Standard_GS4","Standard","standardGSFamily","16","224","64",,"None"
"Standard_GS4-4","Standard","standardGSFamily","16","224","64",,"None"
"Standard_GS4-8","Standard","standardGSFamily","16","224","64",,"None"
"Standard_GS5","Standard","standardGSFamily","32","448","64",,"None"
"Standard_GS5-16","Standard","standardGSFamily","32","448","64",,"None"
"Standard_GS5-8","Standard","standardGSFamily","32","448","64",,"None"
"Standard_L12aos_v4","Standard","standardLaosv4Family","12","96","16",,"None"
"Standard_L16aos_v4","Standard","standardLaosv4Family","16","128","32",,"None"
"Standard_L24aos_v4","Standard","standardLaosv4Family","24","192","32",,"None"
"Standard_L2aos_v4","Standard","standardLaosv4Family","2","16","4",,"None"
"Standard_L32aos_v4","Standard","standardLaosv4Family","32","256","32",,"None"
"Standard_L4aos_v4","Standard","standardLaosv4Family","4","32","8",,"None"
"Standard_L8aos_v4","Standard","standardLaosv4Family","8","64","16",,"None"
"Standard_L16as_v3","Standard","standardLASv3Family","16","128","32",,"None"
"Standard_L32as_v3","Standard","standardLASv3Family","32","256","32",,"None"
"Standard_L48as_v3","Standard","standardLASv3Family","48","384","32",,"None"
"Standard_L64as_v3","Standard","standardLASv3Family","64","512","32",,"None"
"Standard_L80as_v3","Standard","standardLASv3Family","80","640","32",,"None"
"Standard_L8as_v3","Standard","standardLASv3Family","8","64","16",,"None"
"Standard_L16as_v4","Standard","standardLasv4Family","16","128","32",,"None"
"Standard_L2as_v4","Standard","standardLasv4Family","2","16","4",,"None"
"Standard_L32as_v4","Standard","standardLasv4Family","32","256","32",,"None"
"Standard_L48as_v4","Standard","standardLasv4Family","48","384","32",,"None"
"Standard_L4as_v4","Standard","standardLasv4Family","4","32","8",,"None"
"Standard_L64as_v4","Standard","standardLasv4Family","64","512","32",,"None"
"Standard_L80as_v4","Standard","standardLasv4Family","80","640","32",,"None"
"Standard_L8as_v4","Standard","standardLasv4Family","8","64","16",,"None"
"Standard_L96as_v4","Standard","standardLasv4Family","96","768","32",,"None"
"Standard_L16s","Standard","standardLSFamily","16","128","64",,"None"
"Standard_L32s","Standard","standardLSFamily","32","256","64",,"None"
"Standard_L4s","Standard","standardLSFamily","4","32","16",,"None"
"Standard_L8s","Standard","standardLSFamily","8","64","32",,"None"
"Standard_L16s_v3","Standard","standardLSv3Family","16","128","32",,"None"
"Standard_L32s_v3","Standard","standardLSv3Family","32","256","32",,"None"
"Standard_L48s_v3","Standard","standardLSv3Family","48","384","32",,"None"
"Standard_L64s_v3","Standard","standardLSv3Family","64","512","32",,"None"
"Standard_L80s_v3","Standard","standardLSv3Family","80","640","32",,"None"
"Standard_L8s_v3","Standard","standardLSv3Family","8","64","16",,"None"
"Standard_L16s_v4","Standard","standardLsv4Family","16","128","48",,"None"
"Standard_L2s_v4","Standard","standardLsv4Family","2","16","8",,"None"
"Standard_L32s_v4","Standard","standardLsv4Family","32","256","64",,"None"
"Standard_L48s_v4","Standard","standardLsv4Family","48","384","64",,"None"
"Standard_L4s_v4","Standard","standardLsv4Family","4","32","12",,"None"
"Standard_L64s_v4","Standard","standardLsv4Family","64","512","64",,"None"
"Standard_L80s_v4","Standard","standardLsv4Family","80","640","64",,"None"
"Standard_L8s_v4","Standard","standardLsv4Family","8","64","24",,"None"
"Standard_L96s_v4","Standard","standardLsv4Family","96","768","64",,"None"
"Standard_M128dms_v2","Standard","standardMDSMediumMemoryv2Family","128","3892","64",,"None"
"Standard_M128ds_v2","Standard","standardMDSMediumMemoryv2Family","128","2048","64",,"None"
"Standard_M32dms_v2","Standard","standardMDSMediumMemoryv2Family","32","875","32",,"None"
"Standard_M64dms_v2","Standard","standardMDSMediumMemoryv2Family","64","1792","64",,"None"
"Standard_M64ds_v2","Standard","standardMDSMediumMemoryv2Family","64","1024","64",,"None"
"Standard_M192idms_v2","Standard","standardMIDSMediumMemoryv2Family","192","4096","64",,"None"
"Standard_M192ids_v2","Standard","standardMIDSMediumMemoryv2Family","192","2048","64",,"None"
"Standard_M192ims_v2","Standard","standardMISMediumMemoryv2Family","192","4096","64",,"None"
"Standard_M192is_v2","Standard","standardMISMediumMemoryv2Family","192","2048","64",,"None"
"Standard_M128","Standard","standardMSFamily","128","2048","64",,"NotAvailableForSubscription"
"Standard_M128-32ms","Standard","standardMSFamily","128","3892","64",,"NotAvailableForSubscription"
"Standard_M128-64ms","Standard","standardMSFamily","128","3892","64",,"NotAvailableForSubscription"
"Standard_M128m","Standard","standardMSFamily","128","3892","64",,"NotAvailableForSubscription"
"Standard_M128ms","Standard","standardMSFamily","128","3892","64",,"NotAvailableForSubscription"
"Standard_M128s","Standard","standardMSFamily","128","2048","64",,"NotAvailableForSubscription"
"Standard_M16-4ms","Standard","standardMSFamily","16","437.5","16",,"NotAvailableForSubscription"
"Standard_M16-8ms","Standard","standardMSFamily","16","437.5","16",,"NotAvailableForSubscription"
"Standard_M16ms","Standard","standardMSFamily","16","437.5","16",,"NotAvailableForSubscription"
"Standard_M32-16ms","Standard","standardMSFamily","32","875","32",,"NotAvailableForSubscription"
"Standard_M32-8ms","Standard","standardMSFamily","32","875","32",,"NotAvailableForSubscription"
"Standard_M32ls","Standard","standardMSFamily","32","256","32",,"NotAvailableForSubscription"
"Standard_M32ms","Standard","standardMSFamily","32","875","32",,"NotAvailableForSubscription"
"Standard_M32ts","Standard","standardMSFamily","32","192","32",,"NotAvailableForSubscription"
"Standard_M64","Standard","standardMSFamily","64","1024","64",,"NotAvailableForSubscription"
"Standard_M64-16ms","Standard","standardMSFamily","64","1792","64",,"NotAvailableForSubscription"
"Standard_M64-32ms","Standard","standardMSFamily","64","1792","64",,"NotAvailableForSubscription"
"Standard_M64ls","Standard","standardMSFamily","64","512","64",,"NotAvailableForSubscription"
"Standard_M64m","Standard","standardMSFamily","64","1792","64",,"NotAvailableForSubscription"
"Standard_M64ms","Standard","standardMSFamily","64","1792","64",,"NotAvailableForSubscription"
"Standard_M64s","Standard","standardMSFamily","64","1024","64",,"NotAvailableForSubscription"
"Standard_M8-2ms","Standard","standardMSFamily","8","218.75","8",,"NotAvailableForSubscription"
"Standard_M8-4ms","Standard","standardMSFamily","8","218.75","8",,"NotAvailableForSubscription"
"Standard_M8ms","Standard","standardMSFamily","8","218.75","8",,"NotAvailableForSubscription"
"Standard_M128ms_v2","Standard","standardMSMediumMemoryv2Family","128","3892","64",,"None"
"Standard_M128s_v2","Standard","standardMSMediumMemoryv2Family","128","2048","64",,"None"
"Standard_M32ms_v2","Standard","standardMSMediumMemoryv2Family","32","875","32",,"None"
"Standard_M64ms_v2","Standard","standardMSMediumMemoryv2Family","64","1792","64",,"None"
"Standard_M64s_v2","Standard","standardMSMediumMemoryv2Family","64","1024","64",,"None"
"Standard_M208ms_v2","Standard","standardMSv2Family","208","5700","64",,"None"
"Standard_M208s_v2","Standard","standardMSv2Family","208","2850","64",,"None"
"Standard_M416-208ms_v2","Standard","standardMSv2Family","416","11400","64",,"None"
"Standard_M416-208s_v2","Standard","standardMSv2Family","416","5700","64",,"None"
"Standard_M416ms_v2","Standard","standardMSv2Family","416","11400","64",,"None"
"Standard_M416s_10_v2","Standard","standardMSv2Family","416","9496","64",,"None"
"Standard_M416s_8_v2","Standard","standardMSv2Family","416","7600","64",,"None"
"Standard_M416s_9_v2","Standard","standardMSv2Family","416","8568","64",,"None"
"Standard_M416s_v2","Standard","standardMSv2Family","416","5700","64",,"None"
"Standard_ND96isr_H100_v5","Standard","standardNDSH100v5Family","96","1900","16",,"NotAvailableForSubscription; NotAvailableForSubscription"
"Standard_NV12ads_A10_v5","Standard","StandardNVADSA10v5Family","12","110","8",,"NotAvailableForSubscription; NotAvailableForSubscription"
"Standard_NV18ads_A10_v5","Standard","StandardNVADSA10v5Family","18","220","16",,"NotAvailableForSubscription; NotAvailableForSubscription"
"Standard_NV36adms_A10_v5","Standard","StandardNVADSA10v5Family","36","880","32",,"NotAvailableForSubscription; NotAvailableForSubscription"
"Standard_NV36ads_A10_v5","Standard","StandardNVADSA10v5Family","36","440","32",,"NotAvailableForSubscription; NotAvailableForSubscription"
"Standard_NV6ads_A10_v5","Standard","StandardNVADSA10v5Family","6","55","4",,"NotAvailableForSubscription; NotAvailableForSubscription"
"Standard_NV72ads_A10_v5","Standard","StandardNVADSA10v5Family","72","880","32",,"NotAvailableForSubscription; NotAvailableForSubscription"
"Standard_NV12s_v2","Standard","standardNVSv2Family","12","224","24",,"NotAvailableForSubscription"
"Standard_NV24s_v2","Standard","standardNVSv2Family","24","448","32",,"NotAvailableForSubscription"
"Standard_NV6s_v2","Standard","standardNVSv2Family","6","112","12",,"NotAvailableForSubscription"
"Standard_NV12s_v3","Standard","standardNVSv3Family","12","112","12",,"NotAvailableForSubscription; NotAvailableForSubscription"
"Standard_NV24s_v3","Standard","standardNVSv3Family","24","224","24",,"NotAvailableForSubscription; NotAvailableForSubscription"
"Standard_NV48s_v3","Standard","standardNVSv3Family","48","448","32",,"NotAvailableForSubscription; NotAvailableForSubscription"
"Standard_E80ids_v4","Standard","standardXEIDSv4Family","80","504","64",,"None"
"Standard_E80is_v4","Standard","standardXEISv4Family","80","504","64",,"None"
